country_code,first_name,gender
UK,Lizzie,F
DE,Malgorzata,F
IT,Mauro,M
UA,,F
US,Addison,F
US,alicia,F
US,Kendra,F
FR,Nicolas,M
JP,,M
US,Kim,F
US,Malcolm,M
AE,shan,M
AR,Mirna,F
US,Shannon,F
US,Connor,M
US,dale,M
US,Jeffrey,M
UK,graham,M
UA,,F
NL,nermin,F
US,D.,F
US,Teresa,F
US,James ,M
US,KimmaraGetonmylevel,B
US,Monique,F
US,Lisa,F
NL,ineke,F
UA,,F
FR,belloute,M
FR,Laora,F
US,Robert,M
BR,claudia,F
US,Jason,M
US,Stephanie,F
US,Tara,M
FR,fiona,F
AR,veronica luciana,F
CA,Patricia,F
DE,Sina,F
US,Ryan,M
US,Tran,F
MY,Syazwani,F
US,Paola,B
US,debbie,F
US,Sam,M
US,Hiba,F
IT,Ilaria,F
BR,sara,F
US,Stephanie,M
US,Kevin ,M
ZA,Mpho,M
US,Wilma,F
FR,Èdouard,M
US,John,F
US,Carolyn,F
DE,Peter,M
NL,J.A.P.,M
US,Cheyenne,F
US,Jeremy,M
US,Tina,F
US,Danielle,F
PL,Justyna,F
US,Ralph,M
UK,Lisa,F
FR,franÁoise,F
IT,Jutta,F
US,ash,F
FR,sabrina,F
US,Nancy,F
BR,Rayra,F
BE,Didier,M
BR,Tarcisio,M
US,Max,M
AU,katelin,F
UK,Mz,F
US,john,M
BR,Magali,F
PL,Magorzata,F
UK,Michael,M
FR,Rute Filipa,F
ZA,Natalie,F
UK,Nina,F
US,Kendall,F
US,Abraham,M
DE,Nadja,F
US,Christian,M
IT,gabriella,F
US,Katie,F
AR,Alejandro Miguel,M
BE,georges,M
ES,Candelaria,F
US,Jessica,F
US,Kristin,F
US,katie,F
US,Warren,M
UK,Annie,F
DE,Daniela,F
US,george,M
US,Lisa,F
US,Jennifer,F
US,Matt,M
US,Damian,M
US,Heather,F
DE,Natascha,F
US,Lori,F
US,Emily,F
MY,Alison,F
AR,Zunilda Margarita,F
BR,edson,M
MX,maria fernanda,F
BR,janete,F
AR,isabel josefa,F
UK,Richard,M
US,Angela,F
BE,lowie,M
US,Natasha,F
IT,Valentina,F
PL,Katarzyna,F
US,Ben,M
US,Byron,M
US,Brenda,F
US,megan,F
US,Bruce,F
US,Carlton,M
TR,baran,M
US,Terrence,M
BR,Marlene,F
US,Susan,F
ES,Leandro,M
US,H,F
FR,StÈphane,M
US,Woody,M
US,Kerry,F
US,Sindy,F
UK,Kaitlyn,F
US,Kaetlyn,F
US,connie,F
CH,Werner,M
ZA,Fienie,F
US,Dixie,F
US,KELLY,M
BE,Jaqueline,F
IT,vincenzo,M
US,Iris,F
US,Jackson,M
US,craig,M
UA,Tanea,F
US,ashley,F
US,Ryan,M
FR,sandrine,F
US,Jacqueline,F
US,mihai,M
US,Robert,M
US,Jessica,F
US,James,M
DE,Nikolai,M
JP,,F
IT,silvia,F
DE,Miriam,F
UA,,M
IL,Ilanit,M
US,Joanne,F
US,Lori,F
US,Mark,M
US,Dennis,M
US,Maryalice,F
UA,,F
US,David,M
SE,Erik,M
US,frank,M
US,Yolanda,F
US,mark,M
BR,wanderson,M
CA,carnet,M
US,Anne,F
BE,aurelie,F
US,Danielle,F
US,Lisa,F
AU,Karen,F
UK,Rosemarie,F
US,Dewayne,M
IT,Ulrico,M
AR,Romina,F
IN,kuzyeqdy,M
HK,tai,F
US,Patrick,M
FR,Lionel,M
US,Gabi,F
US,John,M
FR,Serge,M
UK,charlie,M
US,claudia,F
BR,Luana Regina,F
US,Jonathan,M
IT,CECILIA,F
US,Anna,F
US,Debbie,F
NL,Inge,F
UA,,F
DE,Eduard,M
US,Michael,M
DE,Linda,F
UK,Louise,F
UK,L,F
US,C,F
UK,Alexi,F
US,Tj,M
UK,Lisa,F
US,Lauren,F
UK,clare,F
US,Jeff,M
PL,LUCYNA,F
CO,sandra,F
US,chris,M
MY,jhygei,M
BR,katia,F
AR,jesica,F
UA,L.,F
UK,PJ,F
US,chelsea,F
US,Joshua,M
US,Hailey,F
US,Seang,M
US,Bryan,M
US,David,M
US,Ashley,F
US,parvin,M
BR,solange,F
US,petre,M
UK,Xiwen,F
AU,Sam,M
UK,Steven,M
US,Peter,M
ZA,Petro,F
US,Allyson,F
DE,Elke,F
FR,William,M
US,Steve,M
US,Luke,M
US,Cristina,F
ES,Virginia,F
PL,izabela,F
ES,Victor,M
US,Peggy,F
US,Nicolas,M
BR,leonardo,M
US,Keely,F
US,Sondra,F
BR,SÈrgio,M
US,Tim,M
IT,sonia,F
FR,doriane,F
MY,Kwong Hung,M
US,Judi,F
US,Kaitlyn,F
PL,ANNA,M
UY,Maria,F
UK,Grahame,M
CO,Diana,F
US,Kevin,M
US,Matthew,M
US,Ron,B
US,Amanda,F
US,Linda,F
ZA,Carole,F
ES,MIGUEL ANGEL,M
DE,s,M
FR,alexandra,F
US,Annmarie,F
PL,Beata,F
US,Robert,M
US,michael,M
US,jenny.julien001,F
US,Hannah,F
UK,Elisha,F
US,Patty,F
US,Cynthia,F
US,Emma,F
US,Whitney,F
US,Farwa,F
US,Jennifer,F
US,Rhi,F
US,hugh,M
FR,SYLVIE,F
US,Paul,M
AT,Gottfried,M
UA,Onur,M
US,jana,F
US,Radu,M
DE,Julian,M
US,Carole,F
US,Kayleigh,F
CA,Christophe,M
US,Samantha,F
US,Joseph,M
UK,Colin,M
UK,Bisi,F
DE,Marti,M
UK,Jessica,F
TR,NAZIM,M
UK,raymond,M
US,Johnny,M
PL,Urszula,F
FR,aurelien,M
BR,Carlos Henrique,M
US,Leah,F
DE,Olga,F
PL,izabela,F
FR,MaÔlys,F
US,Clifton,M
US,iris,F
US,Stacy,M
US,Scherrie,F
US,Melissa,F
US,Joe,M
US,Meriel,F
BR,Rodrigo,M
US,Vinh,M
US,Brian,M
US,Nancy,F
ES,Isidoro,M
UK,Emma,F
NL,Esther,F
US,Allison,F
CO,Diana Paola,F
AU,sara,F
US,Alessandra,F
FR,Stephane,M
IT,luigi,M
US,Jessica,F
US,Charles,M
AU,Vivienne,F
US,Marie,F
US,lori,F
DE,Maximilian,M
PL,Kamil,M
BR,sindielly,F
US,Suzanne,F
US,Billie,F
US,roger,M
UK,Rebecca,F
US,CHuck,M
IE,Gemma,F
IT,Lorenza,F
US,Catherine,F
US,william,M
US,Becca,F
US,Dainyell,F
AU,Byron,M
US,Cory,M
DE,Robert,M
US,Cindy,F
FR,VIVIANE,F
US,Susan,F
US,Dipak,M
UK,Load Tester MyGroupons940999,M
US,Alex,M
US,Kevin,M
ZA,Michael,M
DE,sabrina,F
US,John,M
US,Lacy,F
US,Judy,F
US,Susan,F
US,Monica,F
US,Andres,M
US,Quan,F
US,shannon,F
BR,Vanessa,F
US,Carlos,M
US,Abby,F
DE,Andre,M
US,Tanya,F
US,Brian,M
BR,Martha Maria,F
US,holly,F
PL,Lidia,F
PH,Venus,F
US,Kristina,F
US,Kathryn,F
US,Enrique,M
US,Tara,F
US,Vance,M
US,Elizabeth,F
US,Ashley,F
MY,Willson,M
US,Alyssa,F
US,Stephen,M
US,angela,F
DE,Mascha,F